energy_eV,mu,mu_err,i0,theta_deg,phi_deg,od,od_err,mass_absorption,mass_absorption_err,beta,beta_err,delta,delta_err
280.000000,0.012000,0.001000,1.000000,55,0,0.011000,0.000800,0.018000,0.001200,0.000011,0.000001,0.000016,0.000001
285.000000,0.045000,0.002000,1.000000,55,0,0.041000,0.001500,0.068000,0.002500,0.000042,0.000004,0.000051,0.000004
290.000000,0.120000,0.004000,1.000000,55,0,0.112000,0.003500,0.182000,0.005500,0.000118,0.000010,0.000142,0.000009
295.000000,0.085000,0.003000,1.000000,55,0,0.079000,0.002800,0.128000,0.004200,0.000083,0.000007,0.000099,0.000007
300.000000,0.040000,0.002000,1.000000,55,0,0.037000,0.001200,0.060000,0.002000,0.000039,0.000003,0.000047,0.000003
